INDEX,DISTRICT,INSTITUTION,DESIGNATION,VACANCIES
1,AMPARA,AMPARA DGH,MO ANAESTHESIA,4
2,AMPARA,AMPARA DGH,MO BLOOD BANK,3
3,AMPARA,AMPARA DGH,MO CARDIOLOGY,2
4,AMPARA,AMPARA DGH,MO DERMATOLOGY,1
5,AMPARA,AMPARA DGH,MO EYE,1
6,AMPARA,AMPARA DGH,MO GU SURGERY,1
7,AMPARA,AMPARA DGH,MO HISTOPATHOLOGY,1
8,AMPARA,AMPARA DGH,MO MICROBIOLOGY,1
9,AMPARA,AMPARA DGH,MO MICU,2
10,AMPARA,AMPARA DGH,MO NEPHROLOGY & DIALYSIS,2
11,AMPARA,AMPARA DGH,MO NEUROLOGY,1
12,AMPARA,AMPARA DGH,MO NICU,1
13,AMPARA,AMPARA DGH,MO NICU,3
14,AMPARA,AMPARA DGH,MO ORTHOPAEDIC,3
15,AMPARA,AMPARA DGH,MO RESPIRATORY MEDICINE,1
16,AMPARA,AMPARA DGH,MO RHEUMATOLOGY & REHABILITATION,2
17,AMPARA,AMPARA DGH,MO SICU,2
18,AMPARA,AMPARA DGH,MO THALASSEMIA UNIT,1
19,AMPARA,AMPARA DGH,SHO GYN & OBS,2
20,AMPARA,AMPARA DGH,SHO MEDICINE,1
21,AMPARA,AMPARA DGH,SHO SURGERY,2
22,AMPARA,AMPARA RDHS,MO MENTAL HEALTH,1
23,AMPARA,AMPARA RDHS,MO RELIEF,2
24,AMPARA,BOKKEBEDDA PMCU,MO,1
25,AMPARA,DAMANA DH,MO,1
26,AMPARA,DEHIATTAKANDIYA BH,MO ANAESTHESIA,1
27,AMPARA,DEHIATTAKANDIYA BH,MO EYE,1
28,AMPARA,DEHIATTAKANDIYA BH,MO GYN & OBS,1
29,AMPARA,DEHIATTAKANDIYA BH,MO ICU/HDU,1
30,AMPARA,DEHIATTAKANDIYA BH,MO MEDICINE,2
31,AMPARA,DEHIATTAKANDIYA BH,MO OPD/ETU,4
32,AMPARA,DEHIATTAKANDIYA BH,MO PAEDIATRICS,1
33,AMPARA,DEHIATTAKANDIYA BH,MO SURGERY,1
34,AMPARA,HIMIDURAWA PMCU,MO,1
35,AMPARA,KOKNAHARA PMCU,MO,1
36,AMPARA,LAHUGALA MOH,ADDITIONAL MOH,1
37,AMPARA,MAHAOYA BH,MO,1
38,AMPARA,MAHAOYA BH,MO BLOOD BANK,2
39,AMPARA,MAHAOYA BH,MO DIALYSIS,1
40,AMPARA,MAHAOYA BH,MO EYE,1
41,AMPARA,MAHAOYA BH,MO GYN & OBS,2
42,AMPARA,MAHAOYA BH,MO MEDICINE,3
43,AMPARA,MAHAOYA BH,MO MEDICO LEGAL,1
44,AMPARA,MAHAOYA BH,MO OPD/ETU,1
45,AMPARA,MAHAOYA BH,MO PAEDIATRICS,3
46,AMPARA,MAHAOYA BH,MO RADIOLOGY,1
47,AMPARA,MAHAOYA BH,MO SURGERY,2
48,AMPARA,PADIYATALAWA MOH,ADDITIONAL MOH,1
49,AMPARA,PANAMA DH,MO,1
50,AMPARA,PANNALGAMA PMCU,MO,1
51,AMPARA,SENARATHPURA DH,MO,1
52,AMPARA,WADINAGALA DH,MO,3
53,ANURADHAPURA,ANURADHAPURA RDHS,MO RELIEF,2
54,ANURADHAPURA,ANURADHAPURA TEACHING HOSPITAL,MO ANAESTHESIA,10
55,ANURADHAPURA,ANURADHAPURA TEACHING HOSPITAL,MO BLOOD BANK,2
56,ANURADHAPURA,ANURADHAPURA TEACHING HOSPITAL,MO CARDIO ELECTROPHYSIOLOGY,1
57,ANURADHAPURA,ANURADHAPURA TEACHING HOSPITAL,MO ENT,1
58,ANURADHAPURA,ANURADHAPURA TEACHING HOSPITAL,MO ETU,2
59,ANURADHAPURA,ANURADHAPURA TEACHING HOSPITAL,MO GI SURGERY,1
60,ANURADHAPURA,ANURADHAPURA TEACHING HOSPITAL,MO GU SURGERY,1
61,ANURADHAPURA,ANURADHAPURA TEACHING HOSPITAL,MO NEPHROLOGY,2
62,ANURADHAPURA,ANURADHAPURA TEACHING HOSPITAL,MO NEURO SURGERY,2
63,ANURADHAPURA,ANURADHAPURA TEACHING HOSPITAL,MO ONCO SURGERY,1
64,ANURADHAPURA,ANURADHAPURA TEACHING HOSPITAL,MO ONCOLOGY,1
65,ANURADHAPURA,ANURADHAPURA TEACHING HOSPITAL,MO OPD,1
66,ANURADHAPURA,ANURADHAPURA TEACHING HOSPITAL,MO ORTHOPAEDIC,2
67,ANURADHAPURA,ANURADHAPURA TEACHING HOSPITAL,MO PAEDIATRIC NEPHROLOGY,1
68,ANURADHAPURA,ANURADHAPURA TEACHING HOSPITAL,MO PAEDIATRICS NEUROLOGY,1
69,ANURADHAPURA,ANURADHAPURA TEACHING HOSPITAL,MO PAEDIATRICS SURGERY,1
70,ANURADHAPURA,ANURADHAPURA TEACHING HOSPITAL,MO PBU,1
71,ANURADHAPURA,ANURADHAPURA TEACHING HOSPITAL,MO PICU,1
72,ANURADHAPURA,ANURADHAPURA TEACHING HOSPITAL,MO PSYCHIATRY,1
73,ANURADHAPURA,ANURADHAPURA TEACHING HOSPITAL,MO RADIOLOGY,1
74,ANURADHAPURA,ANURADHAPURA TEACHING HOSPITAL,MO VASCULAR SURGERY,2
75,ANURADHAPURA,ANURADHAPURA TEACHING HOSPITAL,SHO GYN & OBS,1
76,ANURADHAPURA,ANURADHAPURA TEACHING HOSPITAL,SHO MEDICINE,1
77,ANURADHAPURA,ANURADHAPURA TEACHING HOSPITAL,SHO SURGERY,1
78,ANURADHAPURA,GALENBINDUNUWEWA DH,MO,2
79,ANURADHAPURA,GALKIRIYAGAMA DH,MO,1
80,ANURADHAPURA,GAMBIRIGASWEWA PMCU,MO,1
81,ANURADHAPURA,KAHATAGASDIGILIYA BH,MO,2
82,ANURADHAPURA,KAHATAGASDIGILIYA BH,MO MEDICINE,1
83,ANURADHAPURA,KALANCHCHIYA DH,MO,2
84,ANURADHAPURA,KEBITIGOLLEWA BH,MO,2
85,ANURADHAPURA,KEKIRAWA BH,MO,2
86,ANURADHAPURA,KEKIRAWA BH,MO MEDICINE,1
87,ANURADHAPURA,KEKIRAWA BH,MO MEDICO LEGAL,1
88,ANURADHAPURA,MAHAWILACHCHIYA DH,MO,1
89,ANURADHAPURA,MARADANKADAWALA DH,MO,1
90,ANURADHAPURA,MEDAWACHCHIYA BH,MO,4
91,ANURADHAPURA,MIHINTALE DH,MO,2
92,ANURADHAPURA,NACHCHADUWA MOH,ADDITIONAL MOH,1
93,ANURADHAPURA,NOCHCHIYAGAMA DH,MO,2
94,ANURADHAPURA,PADAVIYA BH,MO,3
95,ANURADHAPURA,PADAVIYA BH,MO DIALYSIS,1
96,ANURADHAPURA,PADAVIYA BH,MO MEDICINE,1
97,ANURADHAPURA,PADAVIYA MOH,ADDITIONAL MOH,1
98,ANURADHAPURA,PALAGALA GALKIRIYAGAMA MOH,ADDITIONAL MOH,1
99,ANURADHAPURA,PARASANGAHAWEWA DH,MO,2
100,ANURADHAPURA,RAJANGANAYA MOH,ADDITIONAL MOH,1
101,ANURADHAPURA,RAJANGANAYA TR 5 DH,MO,1
102,ANURADHAPURA,RANORAWA DH,MO,1
103,ANURADHAPURA,SENAPURA DH,MO,2
104,ANURADHAPURA,THAMBUTTEGAMA BH,MO ETU,1
105,ANURADHAPURA,THAMBUTTEGAMA BH,MO HISTOPATHOLOGY,1
106,ANURADHAPURA,THAMBUTTEGAMA BH,MO NEPHROLOGY,1
108,ANURADHAPURA,THAMBUTTEGAMA BH,MO PBU,1
109,ANURADHAPURA,THAMBUTTEGAMA BH,SHO MEDICINE,1
107,ANURADHAPURA,THAMBUTTEGAMA BH,SHO PAEDIATRICS,1
110,ANURADHAPURA,THAMMENNAWA DH,MO,1
111,ANURADHAPURA,THANTIRIMALE DH,MO,1
112,BADULLA,BADULLA RDHS,MO RELIEF,3
113,BADULLA,BADULLA RDHS,MO STD CLINIC,1
114,BADULLA,BADULLA TEACHING HOSPITAL,MO ANAESTHESIA/ICU,1
115,BADULLA,BADULLA TEACHING HOSPITAL,MO BLOOD BANK,2
116,BADULLA,BADULLA TEACHING HOSPITAL,MO ENDOCRINOLOGY,1
117,BADULLA,BADULLA TEACHING HOSPITAL,MO ENT,2
118,BADULLA,BADULLA TEACHING HOSPITAL,MO ETU,2
119,BADULLA,BADULLA TEACHING HOSPITAL,MO EYE,2
120,BADULLA,BADULLA TEACHING HOSPITAL,MO GASTROENTEROLOGY,1
121,BADULLA,BADULLA TEACHING HOSPITAL,MO GI SURGERY,1
122,BADULLA,BADULLA TEACHING HOSPITAL,MO GU SURGERY,1
123,BADULLA,BADULLA TEACHING HOSPITAL,MO HAEMATOLOGY,1
127,BADULLA,BADULLA TEACHING HOSPITAL,MO ICU/HDU,1
124,BADULLA,BADULLA TEACHING HOSPITAL,MO NEONATOLOGY,2
125,BADULLA,BADULLA TEACHING HOSPITAL,MO NEPHROLOGY,1
128,BADULLA,BADULLA TEACHING HOSPITAL,MO ONCO SURGERY,2
129,BADULLA,BADULLA TEACHING HOSPITAL,MO ONCOLOGY,2
130,BADULLA,BADULLA TEACHING HOSPITAL,MO ORTHOPAEDIC,2
131,BADULLA,BADULLA TEACHING HOSPITAL,MO PAEDIATRIC CARDIOLOGY,1
132,BADULLA,BADULLA TEACHING HOSPITAL,MO PAEDIATRICS NEUROLOGY,1
133,BADULLA,BADULLA TEACHING HOSPITAL,MO PSYCHIATRY,1
134,BADULLA,BADULLA TEACHING HOSPITAL,MO RADIOLOGY,2
135,BADULLA,BADULLA TEACHING HOSPITAL,MO RHEUMATOLOGY,2
136,BADULLA,BADULLA TEACHING HOSPITAL,MO SICU,2
137,BADULLA,BADULLA TEACHING HOSPITAL,MO VASCULAR & TRANSPLANT,1
138,BADULLA,BADULLA TEACHING HOSPITAL,MO VP OPD,1
139,BADULLA,BADULLA TEACHING HOSPITAL,SHO GYN & OBS,2
140,BADULLA,BADULLA TEACHING HOSPITAL,SHO MEDICINE,2
126,BADULLA,BADULLA TEACHING HOSPITAL,SHO PAEDIATRICS,1
141,BADULLA,BADULLA TEACHING HOSPITAL,SHO SURGERY,3
142,BADULLA,BALLAKETUWA PMCU,MO,1
143,BADULLA,BANDARAWELA BH,MO,2
144,BADULLA,DIYATHALAWA BH,MO ENT,1
145,BADULLA,DIYATHALAWA BH,MO PATHOLOGY,1
146,BADULLA,DIYATHALAWA BH,SHO GYN & OBS,1
147,BADULLA,DIYATHALAWA BH,SHO MEDICINE,1
148,BADULLA,DIYATHALAWA BH,SHO PAEDIATRICS,2
149,BADULLA,GIRANDURUKOTTE MOH,ADDITIONAL MOH,1
150,BADULLA,GLANMORE DH,MO,1
151,BADULLA,HAKGALA DH,MO,1
152,BADULLA,HOPTON DH,MO,1
153,BADULLA,KAHATARUPPA DH,MO,1
154,BADULLA,KANAWERELLA DH,MO,1
155,BADULLA,KANDAGOLLA DH,MO,1
156,BADULLA,KOSLANDA DH,MO,1
157,BADULLA,LUNUGALA DH,MO,1
158,BADULLA,LUNUGALA MOH,ADDITIONAL MOH,1
159,BADULLA,MAHIYANGANAYA BH,MO ANAESTHESIA/ICU,2
160,BADULLA,MAHIYANGANAYA BH,MO BLOOD BANK,2
161,BADULLA,MAHIYANGANAYA BH,MO ETU/PCU,2
162,BADULLA,MAHIYANGANAYA BH,MO EYE,1
163,BADULLA,MAHIYANGANAYA BH,MO MEDICO LEGAL,1
164,BADULLA,MAHIYANGANAYA BH,MO PSYCHIATRY,2
165,BADULLA,MAHIYANGANAYA BH,MO RADIOLOGY,1
166,BADULLA,MAHIYANGANAYA BH,SHO GYN & OBS,2
167,BADULLA,MAHIYANGANAYA BH,SHO MEDICINE,2
168,BADULLA,MAHIYANGANAYA BH,SHO PAEDIATRICS,2
169,BADULLA,MAHIYANGANAYA BH,SHO SURGERY,2
170,BADULLA,MAHIYANGANAYA MOH,ADDITIONAL MOH,1
171,BADULLA,MEEDUMPITIYA MENTAL HEALTH CENTER DH,MO,1
172,BADULLA,METIGAHATENNA DH,MO,1
173,BADULLA,PASSARA DH,MO,1
174,BADULLA,PASSARA MOH,ADDITIONAL MOH,1
175,BADULLA,POONAGALA DH,MO,1
176,BADULLA,ROEBERRY DH,MO,1
177,BADULLA,UDAWERIYA DH,MO,1
178,BADULLA,WELIMADA BH,MO ETU/PCU,1
179,BADULLA,WELIMADA BH,MO MEDICINE,1
180,BADULLA,WELIMADA BH,MO PAEDIATRICS,3
181,BADULLA,WELIMADA BH,MO SURGERY,3
182,BATTICALOA,BATTICALOA PALAMUNAI DH,MO,1
183,BATTICALOA,BATTICALOA TEACHING HOSPITAL,MO A&E,3
184,BATTICALOA,BATTICALOA TEACHING HOSPITAL,MO ANAESTHESIA/ICU,8
185,BATTICALOA,BATTICALOA TEACHING HOSPITAL,MO DIALYSIS,1
186,BATTICALOA,BATTICALOA TEACHING HOSPITAL,MO EYE,1
187,BATTICALOA,BATTICALOA TEACHING HOSPITAL,MO GASTROENTEROLOGY,1
200,BATTICALOA,BATTICALOA TEACHING HOSPITAL,MO GU SURGERY,2
188,BATTICALOA,BATTICALOA TEACHING HOSPITAL,MO MEDICO LEGAL,1
189,BATTICALOA,BATTICALOA TEACHING HOSPITAL,MO NEURO SURGERY,1
190,BATTICALOA,BATTICALOA TEACHING HOSPITAL,MO NEUROLOGY,1
191,BATTICALOA,BATTICALOA TEACHING HOSPITAL,MO NICU/SCBU,2
192,BATTICALOA,BATTICALOA TEACHING HOSPITAL,MO ONCO SURGERY,1
193,BATTICALOA,BATTICALOA TEACHING HOSPITAL,MO ONCOLOGY,2
194,BATTICALOA,BATTICALOA TEACHING HOSPITAL,MO ORTHOPAEDIC,3
195,BATTICALOA,BATTICALOA TEACHING HOSPITAL,MO PAEDIATRIC NEPHROLOGY,1
196,BATTICALOA,BATTICALOA TEACHING HOSPITAL,MO PAEDIATRICS SURGERY,2
197,BATTICALOA,BATTICALOA TEACHING HOSPITAL,MO PSYCHIATRY,1
198,BATTICALOA,BATTICALOA TEACHING HOSPITAL,MO RADIOLOGY,1
199,BATTICALOA,BATTICALOA TEACHING HOSPITAL,MO RESPIRATORY MEDICINE,1
201,BATTICALOA,BATTICALOA TEACHING HOSPITAL,MO VASCULAR SURGERY,1
202,BATTICALOA,BATTICALOA TEACHING HOSPITAL,SHO GYN & OBS,1
203,BATTICALOA,BATTICALOA TEACHING HOSPITAL,SHO MEDICINE,2
204,BATTICALOA,BATTICALOA TEACHING HOSPITAL,SHO PAEDIATRICS,2
205,BATTICALOA,BATTICALOA TEACHING HOSPITAL,SHO SURGERY,2
206,BATTICALOA,ERAVUR BH,MO MEDICINE,1
207,BATTICALOA,KALUTHAWALAI PMCU,MO,1
208,BATTICALOA,KALUWANCHIKUDY BH,MO ANAESTHESIA/ICU,1
209,BATTICALOA,KALUWANCHIKUDY BH,MO BLOOD BANK,2
210,BATTICALOA,KALUWANCHIKUDY BH,MO ETU,1
211,BATTICALOA,KALUWANCHIKUDY BH,MO MEDICINE,1
212,BATTICALOA,KALUWANCHIKUDY BH,MO PAEDIATRICS,1
213,BATTICALOA,KALUWANCHIKUDY BH,MO SURGERY,2
214,BATTICALOA,KARADIYANARU DH,MO,2
215,BATTICALOA,KATHIRAVELY DH,MO,1
216,BATTICALOA,KATTANKUDY BH,MO ANAESTHESIA/ICU,2
217,BATTICALOA,KATTANKUDY BH,MO ETU,1
218,BATTICALOA,KATTANKUDY BH,MO GYN & OBS,1
219,BATTICALOA,KATTANKUDY BH,MO MEDICINE,1
220,BATTICALOA,KATTANKUDY BH,MO OPD,1
221,BATTICALOA,KATTANKUDY BH,MO SURGERY,1
222,BATTICALOA,KOKKODICHOLAI MAHILADITHIVU DH,MO,2
223,BATTICALOA,MANDUR DH,MO,1
224,BATTICALOA,MAVADIVAMBU VANTHARAMOOLAI DH,MO,1
225,BATTICALOA,NAWALKADU DH,MO,1
226,BATTICALOA,PERIYAKALLAR  KELLAR DH,MO,1
227,BATTICALOA,THIKKODAI PMCU,MO,1
228,BATTICALOA,VAKARAI DH,MO,4
229,BATTICALOA,VALAICHCHENAI BH,MO ANAESTHESIA/ICU,1
230,BATTICALOA,VALAICHCHENAI BH,MO GYN & OBS,1
231,BATTICALOA,VALAICHCHENAI BH,MO MEDICINE,1
232,BATTICALOA,VALAICHCHENAI BH,MO PAEDIATRICS,1
233,BATTICALOA,VALAICHCHENAI BH,MO RADIOLOGY,1
234,BATTICALOA,VALAICHCHENAI BH,MO SURGERY,2
235,COLOMBO,AVISSAWELLA DGH,MO HAEMATOLOGY,1
236,COLOMBO,COLOMBO NATIONAL HOSPITAL SRI LANKA,MO NEURO ANAESTHESIA/ICU,2
237,COLOMBO,COLOMBO NATIONAL HOSPITAL SRI LANKA,MO NEURO SURGERY,2
238,GALLE,AGALIYA PMCU,MO,1
239,GALLE,BALAPITIYA BH,MO ANAESTHESIA,1
240,GALLE,BALAPITIYA BH,MO DERMATOLOGY,1
241,GALLE,BALAPITIYA BH,MO ETU,1
242,GALLE,BALAPITIYA BH,MO MEDICO LEGAL,1
243,GALLE,BALAPITIYA BH,MO OPD/PCU,1
244,GALLE,BALAPITIYA BH,MO RADIOLOGY,1
245,GALLE,BALAPITIYA BH,SHO MEDICINE,1
246,GALLE,BALAPITIYA BH,SHO PAEDIATRICS,1
247,GALLE,BALAPITIYA BH,SHO SURGERY,1
248,GALLE,BATAPOLA DH,MO,1
249,GALLE,BOOSSA PRISON HOSPITAL,MO,1
250,GALLE,ELPITIYA BH,MO ANAESTHESIA/ICU,1
251,GALLE,ELPITIYA BH,MO BLOOD BANK,1
252,GALLE,ELPITIYA BH,MO ETU,1
253,GALLE,ELPITIYA BH,MO PBU,1
254,GALLE,ELPITIYA BH,MO PSYCHIATRY,1
255,GALLE,ELPITIYA BH,MO RADIOLOGY,1
256,GALLE,ELPITIYA BH,SHO GYN & OBS,1
257,GALLE,ELPITIYA BH,SHO PAEDIATRICS,1
258,GALLE,ELPITIYA BH,SHO SURGERY,1
259,GALLE,GALLE NATIONAL HOSPITAL,MO ANAESTHESIA,4
260,GALLE,GALLE NATIONAL HOSPITAL,MO CARDIOLOGY,1
261,GALLE,GALLE NATIONAL HOSPITAL,MO CARDIOTHORACIC UNIT,2
262,GALLE,GALLE NATIONAL HOSPITAL,MO ENT,1
263,GALLE,GALLE NATIONAL HOSPITAL,MO GI SURGERY,2
264,GALLE,GALLE NATIONAL HOSPITAL,MO NEPHROLOGY,2
265,GALLE,GALLE NATIONAL HOSPITAL,MO NEURO ANAESTHESIA,1
266,GALLE,GALLE NATIONAL HOSPITAL,MO NEURO SURGERY,2
267,GALLE,GALLE NATIONAL HOSPITAL,MO NICU,1
268,GALLE,GALLE NATIONAL HOSPITAL,MO OCCULOPLASTIC,1
269,GALLE,GALLE NATIONAL HOSPITAL,MO ONCO SURGERY,2
270,GALLE,GALLE NATIONAL HOSPITAL,MO ONCOLOGY,1
271,GALLE,GALLE NATIONAL HOSPITAL,MO PAEDIATRIC ENDOCRINOLOGY,1
272,GALLE,GALLE NATIONAL HOSPITAL,MO PAEDIATRIC NEPHROLOGY,1
273,GALLE,GALLE NATIONAL HOSPITAL,MO PALLIATIVE CARE,1
274,GALLE,GALLE NATIONAL HOSPITAL,MO RADIOLOGY,1
275,GALLE,GALLE NATIONAL HOSPITAL,MO STROKE UNIT,1
276,GALLE,GALLE NATIONAL HOSPITAL,SHO SURGERY,2
277,GALLE,GALLE RDHS,MO RELIEF,1
278,GALLE,GERMAN SRILANKA FRIENDSHIP HOSPITAL FOR WOMEN TEACHING GALLE,MO MEDICINE,1
279,GALLE,GERMAN SRILANKA FRIENDSHIP HOSPITAL FOR WOMEN TEACHING GALLE,MO PBU,1
280,GALLE,GERMAN SRILANKA FRIENDSHIP HOSPITAL FOR WOMEN TEACHING GALLE,SHO GYN & OBS,1
281,GALLE,MALIBAN REHABILITATION CENTER,MO,1
282,GALLE,NAGODA DH,MO,1
283,GALLE,NELUWA DH,MO,2
284,GALLE,NIYAGAMA DH,MO,1
285,GALLE,THAWALAMA MOH,ADDITIONAL MOH,1
286,GALLE,UDUGAMA BH,MO BLOOD BANK,1
287,GALLE,UDUGAMA BH,MO ETU,1
288,GALLE,UDUGAMA BH,MO GYN & OBS,1
289,GALLE,UDUGAMA BH,MO ICU,1
290,GALLE,UDUGAMA BH,MO MEDICINE,1
291,GALLE,UDUGAMA BH,MO MEDICO LEGAL,1
292,GALLE,UDUGAMA BH,MO SURGERY,1
293,GALLE,URAGAHASMANDIYA DH,MO,1
294,GAMPAHA,MANDAWALA PMCU,MO,1
295,GAMPAHA,PAMUNUGAMA DH,MO,1
296,GAMPAHA,WELISARA NATIONAL HOSPITAL FOR RESPIRATORY DISEASES,MO ANAESTHESIA,1
297,GAMPAHA,WELISARA NATIONAL HOSPITAL FOR RESPIRATORY DISEASES,MO SURGERY,1
298,HAMBANTOTA,AMBALANTHOTA DH,MO,1
299,HAMBANTOTA,AMBALANTHOTA RUHUNUSUWA NIWAHANA,MO,1
300,HAMBANTOTA,ANGUNUKOLAPELESSA PRISON HOSPITAL,MO,1
301,HAMBANTOTA,BELIATTE DH,MO,1
302,HAMBANTOTA,ELALLE PMCU,MO,1
303,HAMBANTOTA,HAMBANTOTA DGH,MO ANAESTHESIA,3
304,HAMBANTOTA,HAMBANTOTA DGH,MO BLOOD BANK,2
305,HAMBANTOTA,HAMBANTOTA DGH,MO CARDIOLOGY CCU,2
306,HAMBANTOTA,HAMBANTOTA DGH,MO ENT,1
307,HAMBANTOTA,HAMBANTOTA DGH,MO NEPHROLOGY & DIALYSIS,2
308,HAMBANTOTA,HAMBANTOTA DGH,MO NEUROLOGY,2
309,HAMBANTOTA,HAMBANTOTA DGH,MO ONCOLOGY,1
310,HAMBANTOTA,HAMBANTOTA DGH,MO ORTHOPAEDIC,2
311,HAMBANTOTA,HAMBANTOTA DGH,MO PBU,3
312,HAMBANTOTA,HAMBANTOTA DGH,MO PSYCHIATRY,1
313,HAMBANTOTA,HAMBANTOTA DGH,SHO MEDICINE,1
314,HAMBANTOTA,HAMBANTOTA DGH,SHO PAEDIATRICS,1
315,HAMBANTOTA,HAMBANTOTA RDHS,MO RELIEF,1
316,HAMBANTOTA,KIRINDA DH,MO,1
317,HAMBANTOTA,LUNUGAMWEHERA DH,MO,1
318,HAMBANTOTA,MIDDENIYA DH,MO,1
319,HAMBANTOTA,NAKULUGAMUWA DH,MO,1
320,HAMBANTOTA,TANGALLE BH,MO NEPHROLOGY & DIALYSIS,1
322,HAMBANTOTA,TANGALLE BH,MO PCU,1
321,HAMBANTOTA,TANGALLE BH,MO STD CLINIC,1
323,HAMBANTOTA,THISSAMAHARAMAYA BH,MO ANAESTHESIA,2
324,HAMBANTOTA,THISSAMAHARAMAYA BH,MO BLOOD BANK,2
325,HAMBANTOTA,THISSAMAHARAMAYA BH,MO DIALYSIS,1
326,HAMBANTOTA,THISSAMAHARAMAYA BH,MO GYN & OBS,1
327,HAMBANTOTA,THISSAMAHARAMAYA BH,MO MEDICINE,2
328,HAMBANTOTA,THISSAMAHARAMAYA BH,MO OPD/ETU,2
329,HAMBANTOTA,THISSAMAHARAMAYA BH,MO PAEDIATRICS,1
330,HAMBANTOTA,THISSAMAHARAMAYA BH,MO RADIOLOGY,2
331,HAMBANTOTA,THISSAMAHARAMAYA BH,MO SURGERY,2
332,HAMBANTOTA,WALASMULLA BH,MO ANAESTHESIA/ICU,1
333,HAMBANTOTA,WALASMULLA BH,MO MEDICINE,2
334,HAMBANTOTA,WALASMULLA BH,MO SURGERY,1
335,JAFFNA,AMPAN DH,MO,1
336,JAFFNA,ANALATIVU DH,MO,1
337,JAFFNA,ATCHUVELY DH,MO,1
344,JAFFNA,CHAVAKACHCHERI BH,MO,1
338,JAFFNA,CHAVAKACHCHERI BH,MO ANAESTHESIA,1
339,JAFFNA,CHAVAKACHCHERI BH,MO DIALYSIS,1
340,JAFFNA,CHAVAKACHCHERI BH,MO PAEDIATRICS,2
341,JAFFNA,CHAVAKACHCHERI BH,MO PSYCHIATRY,1
342,JAFFNA,CHAVAKACHCHERI BH,MO RADIOLOGY,1
343,JAFFNA,CHAVAKACHCHERI BH,MO SURGERY,1
345,JAFFNA,CHUNAKKAM PMCU,MO,1
346,JAFFNA,JAFFNA RDHS,MO RELIEF,1
347,JAFFNA,JAFFNA TEACHING HOSPITAL,MO A&E,2
348,JAFFNA,JAFFNA TEACHING HOSPITAL,MO AS ANAESTHESIA,2
349,JAFFNA,JAFFNA TEACHING HOSPITAL,MO CARDIOTHORACIC ICU,1
350,JAFFNA,JAFFNA TEACHING HOSPITAL,MO CARDIOTHORACIC SURGERY,2
351,JAFFNA,JAFFNA TEACHING HOSPITAL,MO ENT,2
352,JAFFNA,JAFFNA TEACHING HOSPITAL,MO EYE,1
353,JAFFNA,JAFFNA TEACHING HOSPITAL,MO GI SURGERY,2
354,JAFFNA,JAFFNA TEACHING HOSPITAL,MO GU SURGERY,1
355,JAFFNA,JAFFNA TEACHING HOSPITAL,MO GYN ONCO SURGERY,1
356,JAFFNA,JAFFNA TEACHING HOSPITAL,MO INTERVENTIONAL RADIOLOGY,1
357,JAFFNA,JAFFNA TEACHING HOSPITAL,MO NEURO SURGERY,2
358,JAFFNA,JAFFNA TEACHING HOSPITAL,MO NEUROLOGY,1
359,JAFFNA,JAFFNA TEACHING HOSPITAL,MO NICU,1
360,JAFFNA,JAFFNA TEACHING HOSPITAL,MO ORTHOPAEDIC,2
361,JAFFNA,JAFFNA TEACHING HOSPITAL,MO PAEDIATRICS SURGERY,1
362,JAFFNA,JAFFNA TEACHING HOSPITAL,MO PICU,1
363,JAFFNA,JAFFNA TEACHING HOSPITAL,MO PSYCHIATRY,1
364,JAFFNA,JAFFNA TEACHING HOSPITAL,MO THALASSEMIA UNIT,1
365,JAFFNA,JAFFNA TEACHING HOSPITAL,MO TRANSPLANT,1
366,JAFFNA,JAFFNA TEACHING HOSPITAL,MO VASCULAR SURGERY,2
367,JAFFNA,JAFFNA TEACHING HOSPITAL,SHO GYN & OBS,2
368,JAFFNA,JAFFNA TEACHING HOSPITAL,SHO MEDICINE,2
369,JAFFNA,JAFFNA TEACHING HOSPITAL,SHO PAEDIATRICS,1
370,JAFFNA,JAFFNA TEACHING HOSPITAL,SHO SURGERY,3
371,JAFFNA,KAYTS BH,MO BLOOD BANK,1
372,JAFFNA,KOKUVIL PMCU,MO,1
373,JAFFNA,KONDAVIL DH,MO,1
374,JAFFNA,MARUTHANKERNEY DH,MO,2
375,JAFFNA,NAINATIVU DH,MO,1
376,JAFFNA,PALALI KURUMPASIDDY PMCU,MO,1
377,JAFFNA,POINT PEDRO BH,MO ANAESTHESIA,2
378,JAFFNA,POINT PEDRO BH,MO GYN & OBS,1
379,JAFFNA,POINT PEDRO BH,MO MEDICINE,1
380,JAFFNA,POINT PEDRO BH,MO MEDICO LEGAL,1
381,JAFFNA,POINT PEDRO BH,MO OPD/ETU,1
382,JAFFNA,POINT PEDRO BH,MO PAEDIATRICS,2
384,JAFFNA,POINT PEDRO BH,MO PSYCHIATRY,1
383,JAFFNA,POINT PEDRO BH,MO SURGERY,2
385,JAFFNA,PUNGUDUTIVU DH,MO,1
386,JAFFNA,PUNNALAI KADDUVAN PMCU,MO,1
387,JAFFNA,TELLIPPALAI BH,MO DIALYSIS,1
388,JAFFNA,TELLIPPALAI BH,MO MEDICO LEGAL,1
389,JAFFNA,TELLIPPALAI BH,MO ONCOLOGY,2
390,JAFFNA,TELLIPPALAI BH,MO PAEDIATRICS,1
391,JAFFNA,TELLIPPALAI BH,SHO SURGERY,1
392,JAFFNA,VADDUKODDAI DH,MO,1
393,JAFFNA,VALVETTITHURAI DH,MO,1
394,JAFFNA,VELANAI DH,MO,2
395,KALMUNAI,AKKARAIPATTU BH,MO,1
397,KALMUNAI,AKKARAIPATTU BH,MO ANAESTHESIA,1
396,KALMUNAI,AKKARAIPATTU BH,MO ANAESTHESIA/ICU,1
398,KALMUNAI,AKKARAIPATTU BH,MO BLOOD BANK,1
404,KALMUNAI,AKKARAIPATTU BH,MO MEDICOLEGAL,1
399,KALMUNAI,AKKARAIPATTU BH,MO PBU NICU,1
400,KALMUNAI,AKKARAIPATTU BH,MO RADIOLOGY,1
401,KALMUNAI,AKKARAIPATTU BH,SHO MEDICINE,1
402,KALMUNAI,AKKARAIPATTU BH,SHO PAEDIATRICS,1
403,KALMUNAI,AKKARAIPATTU BH,SHO SURGERY,1
405,KALMUNAI,ANNAMALAI DH,MO,1
406,KALMUNAI,CHENAIKUDIRUPPU PMCU,MO,1
407,KALMUNAI,DEEGAWAPIYA DH,MO,1
408,KALMUNAI,IRAKKAMAM ERAGAMA DH,MO,1
409,KALMUNAI,KALMUNAI CENTRAL CAMP DH,MO,1
410,KALMUNAI,KALMUNAI NORTH BH,MO A&E,1
411,KALMUNAI,KALMUNAI NORTH BH,MO ANAESTHESIA,2
412,KALMUNAI,KALMUNAI NORTH BH,MO BLOOD BANK,1
416,KALMUNAI,KALMUNAI NORTH BH,MO ORTHOPAEDIC,1
413,KALMUNAI,KALMUNAI NORTH BH,MO RADIOLOGY,1
414,KALMUNAI,KALMUNAI NORTH BH,SHO MEDICINE,1
415,KALMUNAI,KALMUNAI NORTH BH,SHO SURGERY,1
417,KALMUNAI,KALMUNAI SOUTH ASHROFF MEMORIAL HOSPITAL,MO ANAESTHESIA/ICU,2
418,KALMUNAI,KALMUNAI SOUTH ASHROFF MEMORIAL HOSPITAL,MO BLOOD BANK,1
419,KALMUNAI,KALMUNAI SOUTH ASHROFF MEMORIAL HOSPITAL,MO ETU,1
420,KALMUNAI,KALMUNAI SOUTH ASHROFF MEMORIAL HOSPITAL,MO NICU,1
421,KALMUNAI,KALMUNAI SOUTH ASHROFF MEMORIAL HOSPITAL,MO PATHOLOGY,1
422,KALMUNAI,KALMUNAI SOUTH ASHROFF MEMORIAL HOSPITAL,SHO GYN & OBS,1
423,KALMUNAI,KALMUNAI SOUTH ASHROFF MEMORIAL HOSPITAL,SHO PAEDIATRICS,1
424,KALMUNAI,MALWATTA DH,MO,1
425,KALMUNAI,MARUTHAMUNAI DH,MO,1
426,KALMUNAI,NINTAVUR BH,MO,1
427,KALMUNAI,NINTAVUR BH,MO GYN & OBS,2
428,KALMUNAI,NINTAVUR BH,MO PAEDIATRIC,1
429,KALMUNAI,OLUVIL DH,MO,1
430,KALMUNAI,POTTUVIL BH,MO,9
431,KALMUNAI,POTTUVIL BH,MO DIALYSIS,1
432,KALMUNAI,SAMMANTHURAI BH,MO ICU,1
433,KALMUNAI,SAMMANTHURAI BH,MO MEDICINE,1
434,KALMUNAI,SAMMANTHURAI BH,MO MEDICO LEGAL,1
435,KALMUNAI,SAMMANTHURAI BH,MO PBU,1
436,KALMUNAI,SAMMANTHURAI BH,MO SURGERY,1
437,KALMUNAI,SENNELKIRAMAM DH,MO,1
438,KALMUNAI,THIRUKKOVIL BH,MO,2
439,KALMUNAI,THIRUKKOVIL BH,MO ANAESTHESIA,2
440,KALMUNAI,THIRUKKOVIL BH,MO MEDICO LEGAL,1
441,KALMUNAI,THIRUKKOVIL BH,MO OPD/ETU,1
442,KALUTARA,GEEKIYANAKANDA DH,MO,1
443,KALUTARA,HORANA BH,MO MEDICO LEGAL,1
444,KALUTARA,KALUTARA TEACHING HOSPITAL,MO ANAESTHESIA/ICU,5
445,KALUTARA,KALUTARA TEACHING HOSPITAL,MO PSYCHIATRY,6
446,KALUTARA,KALUTARA TEACHING HOSPITAL,SHO GYN & OBS,4
447,KALUTARA,KALUTARA TEACHING HOSPITAL,SHO MEDICINE,4
448,KALUTARA,KALUTARA TEACHING HOSPITAL,SHO PAEDIATRICS,4
449,KALUTARA,KALUTARA TEACHING HOSPITAL,SHO SURGERY,4
450,KALUTARA,PIMBURA BH,MO,2
451,KANDY,AMBAGAHAPELESSA DH,MO,1
452,KANDY,BATUMULLA DH,MO,1
453,KANDY,DELTOTA DH,MO,1
454,KANDY,DOLOSBAGE DH,MO,1
455,KANDY,GALAGEDARA DH,MO,1
456,KANDY,GAMPOLA BH,MO BLOOD BANK,1
457,KANDY,GAMPOLA BH,MO PBU,1
458,KANDY,GAMPOLA BH,MO PSYCHIATRY,1
459,KANDY,GAMPOLA BH,MO RADIOLOGY,1
460,KANDY,GAMPOLA BH,SHO MEDICINE,1
461,KANDY,GAMPOLA BH,SHO PAEDIATRICS,1
462,KANDY,GAMPOLA BH,SHO SURGERY,1
463,KANDY,GELIOYA DH,MO,1
464,KANDY,KANDY NATIONAL HOSPITAL,MO BLOOD BANK,1
465,KANDY,KANDY NATIONAL HOSPITAL,MO CARDIOLOGY,2
466,KANDY,KANDY NATIONAL HOSPITAL,MO ENT,1
467,KANDY,KANDY NATIONAL HOSPITAL,MO EYE,1
468,KANDY,KANDY NATIONAL HOSPITAL,MO GU SURGERY,1
469,KANDY,KANDY NATIONAL HOSPITAL,MO INTERMEDIATE ICU,2
470,KANDY,KANDY NATIONAL HOSPITAL,MO NEPHROLOGY & ICU,2
471,KANDY,KANDY NATIONAL HOSPITAL,MO NEURO SURGERY,1
472,KANDY,KANDY NATIONAL HOSPITAL,MO ONCO SURGERY,1
473,KANDY,KANDY NATIONAL HOSPITAL,MO ORTHOPAEDIC,1
474,KANDY,KANDY NATIONAL HOSPITAL,SHO SURGERY,1
475,KANDY,KATUGASTOTA DH,MO,1
476,KANDY,KOTALIGODA DH,MO,1
477,KANDY,KURUNDUWATHTHA DH,MO,1
478,KANDY,KURUNDUWATHTHA GANGAIHALAKORALE MOH,ADDITIONAL MOH,1
479,KANDY,MADULKELE DH,MO,2
480,KANDY,MAMPITIYA DH,MO,1
481,KANDY,MEEMURE PMCU,MO,1
482,KANDY,MINIPE DH,MO,1
483,KANDY,NAWALAPITIYA DGH,MO ANAESTHESIA,1
484,KANDY,NAWALAPITIYA DGH,MO BLOOD BANK,1
485,KANDY,NAWALAPITIYA DGH,MO CARDIOLOGY,1
491,KANDY,NAWALAPITIYA DGH,MO ICU,1
486,KANDY,NAWALAPITIYA DGH,MO OPD,1
487,KANDY,NAWALAPITIYA DGH,MO PBU,1
488,KANDY,NAWALAPITIYA DGH,MO RADIOLOGY,1
489,KANDY,NAWALAPITIYA DGH,SHO GYN & OBS,4
490,KANDY,NAWALAPITIYA DGH,SHO PAEDIATRICS,1
492,KANDY,PAMUNUWA DH,MO,1
493,KANDY,PANWILATENNA DH,MO,1
494,KANDY,PERADENIYA SIRIMAVO BANDARANAYAKE SPECIAL CHILDREN S HOSPITAL,MO PAEDIATRIC CARDIOLOGY,1
495,KANDY,PERADENIYA SIRIMAVO BANDARANAYAKE SPECIAL CHILDREN S HOSPITAL,MO PAEDIATRICS SURGERY,1
496,KANDY,PERADENIYA TEACHING HOSPITAL,MO A&E,1
497,KANDY,PERADENIYA TEACHING HOSPITAL,MO DENTAL ANAESTHESIA ICU,2
498,KANDY,PERADENIYA TEACHING HOSPITAL,MO ICU,1
499,KANDY,PERADENIYA TEACHING HOSPITAL,MO NEPHROLOGY & DIALYSIS,2
500,KANDY,PERADENIYA TEACHING HOSPITAL,MO PSYCHIATRY,1
501,KANDY,PERADENIYA TEACHING HOSPITAL,MO RADIOLOGY,1
502,KANDY,THALATHUOYA DH,MO,1
505,KANDY,THELDENIYA BH,MO GYN & OBS,1
503,KANDY,THELDENIYA BH,MO MEDICINE,1
504,KANDY,THELDENIYA BH,MO SURGERY,1
506,KANDY,THITTAPAJJALA JAYAWICKRAMA DH,MO,1
507,KANDY,UDADUMBARA MOH,ADDITIONAL MOH,1
508,KEGALLE,ARANAYAKA MOH,ADDITIONAL MOH,1
509,KEGALLE,BELIGALA DH,MO,1
510,KEGALLE,BULATHKOHUPITIYA MOH,ADDITIONAL MOH,1
511,KEGALLE,DEMATANPITIYA M R C DH,MO,1
512,KEGALLE,GALIGAMUWA MOH,ADDITIONAL MOH,1
513,KEGALLE,GANTUNA DH,MO,1
514,KEGALLE,HEMMATHAGAMA DH,MO,1
515,KEGALLE,HINGURALAKANDA DH,MO,1
516,KEGALLE,KARAWANELLA BH,MO ANAESTHESIA/ICU,1
517,KEGALLE,KARAWANELLA BH,MO BLOOD BANK,2
518,KEGALLE,KARAWANELLA BH,MO EYE,1
519,KEGALLE,KARAWANELLA BH,MO LAB,1
520,KEGALLE,KARAWANELLA BH,MO OPD/PCU,1
521,KEGALLE,KARAWANELLA BH,MO PBU,1
522,KEGALLE,KARAWANELLA BH,MO PSYCHIATRY,1
523,KEGALLE,KARAWANELLA BH,SHO MEDICINE,1
524,KEGALLE,KEGALLE DGH,MO NEPHROLOGY & DIALYSIS,2
525,KEGALLE,KEGALLE DGH,MO ORTHOPAEDIC,2
526,KEGALLE,KEGALLE DGH,SHO GYN & OBS,2
527,KEGALLE,KEGALLE DGH,SHO PAEDIATRICS,2
528,KEGALLE,KEGALLE DGH,SHO SURGERY,1
529,KEGALLE,KEGALLE MOH,ADDITIONAL MOH,1
530,KEGALLE,KEGALLE RDHS,MO RELIEF,1
531,KEGALLE,KITULGALA DH,MO,1
532,KEGALLE,MAWANELLA BH,MO ANAESTHESIA/ICU,2
533,KEGALLE,MAWANELLA BH,MO RADIOLOGY,1
534,KEGALLE,MAWANELLA BH,SHO GYN & OBS,1
535,KEGALLE,MAWANELLA BH,SHO MEDICINE,1
536,KEGALLE,POTHDENIKANDA PMCU,MO,1
537,KEGALLE,RAMBUKKANA DH,MO,1
538,KEGALLE,UDUGODA DH,MO,1
539,KEGALLE,WARAKAPOLA BH,MO GYN & OBS,1
540,KEGALLE,WARAKAPOLA BH,MO OPD,1
541,KEGALLE,WARAKAPOLA BH,MO PBU,1
542,KEGALLE,WARAKAPOLA BH,MO RADIOLOGY,1
543,KEGALLE,WARAKAPOLA MOH,ADDITIONAL MOH,1
544,KEGALLE,YATIYANTHOTA PMCU,MO,1
545,KILINOCHCHI,KANDAWALAI MOH,ADDITIONAL MOH,1
546,KILINOCHCHI,KANDAWALAI PMCU,MO,1
547,KILINOCHCHI,KARACHCHI MOH,ADDITIONAL MOH,1
548,KILINOCHCHI,KILINOCHCHI DGH,MO ANAESTHESIA/ICU,3
549,KILINOCHCHI,KILINOCHCHI DGH,MO BLOOD BANK,1
550,KILINOCHCHI,KILINOCHCHI DGH,MO ENT,1
551,KILINOCHCHI,KILINOCHCHI DGH,MO EYE,1
552,KILINOCHCHI,KILINOCHCHI DGH,MO LAB,1
553,KILINOCHCHI,KILINOCHCHI DGH,MO OPD/ETU,3
554,KILINOCHCHI,KILINOCHCHI DGH,MO ORTHOPAEDIC,2
555,KILINOCHCHI,KILINOCHCHI DGH,MO PSYCHIATRY,1
556,KILINOCHCHI,KILINOCHCHI DGH,SHO GYN & OBS,1
557,KILINOCHCHI,KILINOCHCHI DGH,SHO MEDICINE,2
558,KILINOCHCHI,KILINOCHCHI DGH,SHO PAEDIATRICS,2
559,KILINOCHCHI,KILINOCHCHI DGH,SHO SURGERY,2
560,KILINOCHCHI,KILINOCHCHI RDHS,MO MENTAL HEALTH,1
561,KILINOCHCHI,KILINOCHCHI RDHS,MO RELIEF,1
562,KILINOCHCHI,KILINOCHCHI RDHS,MO STD CLINIC,1
563,KILINOCHCHI,KILINOCHCHI RDHS,RMO,1
564,KILINOCHCHI,MULANKAVIL BH,MO,4
565,KILINOCHCHI,PIRAMANTHANARU PMCU,MO,1
566,KILINOCHCHI,VERAVIL DH,MO,2
567,KURUNEGALA,AMBANPOLA DH,MO,1
568,KURUNEGALA,ATARAGALLA DH,MO,2
569,KURUNEGALA,BALALLA PMCU,MO,1
570,KURUNEGALA,BORALUWEWA PMCU,MO,1
571,KURUNEGALA,DAMBADENIYA BH,MO ANAESTHESIA/ICU,1
572,KURUNEGALA,DAMBADENIYA BH,MO ETU,1
573,KURUNEGALA,DAMBADENIYA BH,MO MEDICINE,1
574,KURUNEGALA,EHETUWEWA DH,MO,1
575,KURUNEGALA,GALGAMUWA BH,MO ANAESTHESIA/ICU,1
576,KURUNEGALA,GALGAMUWA BH,MO GYN & OBS,1
577,KURUNEGALA,GALGAMUWA BH,MO MEDICINE,2
578,KURUNEGALA,GALGAMUWA BH,MO OPD/ETU,1
579,KURUNEGALA,GALGAMUWA BH,MO SURGERY,2
580,KURUNEGALA,HIRIPITIYA DH,MO,1
581,KURUNEGALA,INDULGODAKANDA DH,MO,1
582,KURUNEGALA,KADIGAWA PMCU,MO,1
583,KURUNEGALA,KEKUNAGALLA PMCU,MO,1
584,KURUNEGALA,KULIYAPITIYA TEACHING HOSPITAL,MO BLOOD BANK,1
585,KURUNEGALA,KULIYAPITIYA TEACHING HOSPITAL,MO DERMATOLOGY,1
586,KURUNEGALA,KULIYAPITIYA TEACHING HOSPITAL,MO ENT,1
587,KURUNEGALA,KULIYAPITIYA TEACHING HOSPITAL,MO GASTROENTEROLOGY,1
588,KURUNEGALA,KULIYAPITIYA TEACHING HOSPITAL,MO MEDICO LEGAL,1
589,KURUNEGALA,KULIYAPITIYA TEACHING HOSPITAL,MO PBU,1
590,KURUNEGALA,KURUNEGALA TEACHING HOSPITAL,MO ANAESTHESIA,7
591,KURUNEGALA,KURUNEGALA TEACHING HOSPITAL,MO MEDICO LEGAL,1
592,KURUNEGALA,KURUNEGALA TEACHING HOSPITAL,MO NEURO SURGERY,1
593,KURUNEGALA,KURUNEGALA TEACHING HOSPITAL,MO ONCO SURGERY,1
594,KURUNEGALA,KURUNEGALA TEACHING HOSPITAL,SHO PAEDIATRICS,1
595,KURUNEGALA,KURUNEGALA TEACHING HOSPITAL,SHO SURGERY,1
596,KURUNEGALA,MAHO DH,MO,1
597,KURUNEGALA,MEEGALEWA DH,MO,1
598,KURUNEGALA,NIKAWERATIYA BH,MO A&E,1
599,KURUNEGALA,NIKAWERATIYA BH,MO DIALYSIS,1
600,KURUNEGALA,NIKAWERATIYA BH,MO PBU,1
601,KURUNEGALA,NIKAWERATIYA BH,MO SURGERY,1
602,KURUNEGALA,NIKAWEWA DH,MO,1
603,KURUNEGALA,POLPITHIGAMA BH,MO ETU,1
604,KURUNEGALA,POLPITHIGAMA BH,MO MEDICINE,1
605,KURUNEGALA,POTHUVILA PMCU,MO,1
606,KURUNEGALA,RIDIGAMA DH,MO,1
607,KURUNEGALA,RIDIGAMA MOH,ADDITIONAL MOH,1
608,KURUNEGALA,WEERAPOKUNA DH,MO,1
609,MANNAR,ADAMPAN DH,MO,1
610,MANNAR,CHILAVATURAI DH,MO,1
611,MANNAR,ERUKALAMPIDDY DH,MO,1
612,MANNAR,IRANAI ILLUPPAIKULAM PMCU,MO,1
613,MANNAR,KUNCHUKULAM PMCU,MO,1
614,MANNAR,MANNAR DGH,MO ANAESTHESIA/ICU,5
615,MANNAR,MANNAR DGH,MO BLOOD BANK,1
616,MANNAR,MANNAR DGH,MO CARDIOLOGY,1
617,MANNAR,MANNAR DGH,MO CHILD CARE DEVELOPMENT & SPECIAL CARE UNIT,1
618,MANNAR,MANNAR DGH,MO DERMATOLOGY,1
619,MANNAR,MANNAR DGH,MO ENT,1
620,MANNAR,MANNAR DGH,MO ETU,1
621,MANNAR,MANNAR DGH,MO EYE,1
622,MANNAR,MANNAR DGH,MO GYN & OBS,3
623,MANNAR,MANNAR DGH,MO LAB,1
624,MANNAR,MANNAR DGH,MO MEDICINE,2
625,MANNAR,MANNAR DGH,MO MEDICO LEGAL,1
626,MANNAR,MANNAR DGH,MO OPD,2
627,MANNAR,MANNAR DGH,MO ORTHOPAEDIC,1
628,MANNAR,MANNAR DGH,MO PSYCHIATRY,1
629,MANNAR,MANNAR DGH,MO RADIOLOGY,2
630,MANNAR,MANNAR DGH,MO SURGERY,3
631,MANNAR,MANNAR RDHS,MO CHEST CLINIC,1
632,MANNAR,MANNAR RDHS,MO RELIEF,2
633,MANNAR,MANNAR VEPPANKULAM PMCU,MO,1
634,MANNAR,MARICHCHIKADDY PMCU,MO,1
635,MANNAR,MURUNKAN BH,MO,1
636,MANNAR,NANATTAN DH,MO,1
637,MANNAR,PERIYAPANDIVIRICHAN DH,MO,1
638,MANNAR,THIRUKETHEESWARAM PMCU,MO,1
639,MANNAR,UYILANKULAM PMCU,MO,1
640,MANNAR,VANKALAI DH,MO,1
641,MATALE,DAMBULLA BH,MO EYE,1
642,MATALE,DAMBULLA BH,MO MEDICO LEGAL,1
643,MATALE,DAMBULLA BH,MO OPD,1
644,MATALE,DAMBULLA BH,MO PBU,1
645,MATALE,DAMBULLA BH,MO RADIOLOGY,1
646,MATALE,DAMBULLA BH,SHO GYN & OBS,2
647,MATALE,DAMBULLA BH,SHO MEDICINE,3
648,MATALE,DAMBULLA BH,SHO PAEDIATRICS,1
649,MATALE,GALEWELA DH,MO,1
650,MATALE,GAMMADUWA DH,MO,1
651,MATALE,HANDUNGAMUWA DH,MO,1
652,MATALE,HATTOTA AMUNA DH,MO,1
653,MATALE,ILLUKKUMBURA DH,MO,1
654,MATALE,KONGAHAWELA DH,MO,1
655,MATALE,LAGGALA PALLEGAMA DH,MO,1
656,MATALE,LELIAMBE REHABILITATION DH,MO,1
657,MATALE,MARAKA DH,MO,1
658,MATALE,MATALE DGH,MO A&E,4
659,MATALE,MATALE DGH,MO ANAESTHESIA,1
660,MATALE,MATALE DGH,MO ENDOCRINOLOGY,1
661,MATALE,MATALE DGH,MO HAEMATOLOGY,1
662,MATALE,MATALE DGH,MO MEDICO LEGAL,1
663,MATALE,MATALE DGH,MO PBU,1
664,MATALE,MATALE DGH,MO RADIOLOGY,1
665,MATALE,MATALE DGH,SHO GYN & OBS,1
666,MATALE,MATALE DGH,SHO MEDICINE,1
667,MATALE,MATALE DGH,SHO SURGERY,1
668,MATALE,OPALGALA PMCU,MO,1
669,MATALE,OVILIKANDA DH,MO,1
670,MATALE,RATHTHOTA DH,MO,1
671,MATARA,AKURESSA MOH,ADDITIONAL MOH,1
672,MATARA,BERALAPANATARA PMCU,MO,1
673,MATARA,DENIYAYA BH,MO BLOOD BANK,1
674,MATARA,DENIYAYA BH,MO MEDICINE,2
675,MATARA,DENIYAYA BH,MO OPD/ETU,1
676,MATARA,DENIYAYA BH,MO PAEDIATRICS,1
677,MATARA,DENIYAYA BH,MO RADIOLOGY,1
678,MATARA,DENIYAYA BH,MO SURGERY,2
679,MATARA,DEVINUWARA MOH,ADDITIONAL MOH,1
680,MATARA,KAMBURUGAMUWA NEW DGH,MO ANAESTHESIA,1
681,MATARA,KAMBURUGAMUWA NEW DGH,MO RADIOLOGY,1
682,MATARA,KAMBURUGAMUWA NEW DGH,SHO GYN & OBS,1
683,MATARA,KAMBURUPITIYA BH,MO ETU,1
684,MATARA,KAMBURUPITIYA BH,MO ICU,1
685,MATARA,KAMBURUPITIYA BH,SHO MEDICINE,1
686,MATARA,KAMBURUPITIYA BH,SHO SURGERY,1
689,MATARA,MATARA DGH,MO ANAESTHESIA,1
687,MATARA,MATARA DGH,MO GU SURGERY,2
688,MATARA,MATARA DGH,SHO PAEDIATRICS,1
690,MATARA,MATARA DGH,SHO SURGERY,1
691,MATARA,MORAWAKA DH,MO,1
692,MATARA,TALALLA DH,MO,1
693,MONERAGALA,BADALKUMBURA DH,MO,1
694,MONERAGALA,BAKINIGAHAWELA PMCU,MO,1
695,MONERAGALA,BIBILE BH,MO ANAESTHESIA,1
696,MONERAGALA,BIBILE BH,MO BLOOD BANK,1
697,MONERAGALA,BIBILE BH,MO ETU,2
698,MONERAGALA,BIBILE BH,MO GYN & OBS,2
699,MONERAGALA,BIBILE BH,MO MEDICINE,2
700,MONERAGALA,BIBILE BH,MO MEDICO LEGAL,1
701,MONERAGALA,BIBILE BH,MO PAEDIATRICS,1
702,MONERAGALA,BIBILE BH,MO PBU,1
703,MONERAGALA,BIBILE BH,MO PSYCHIATRY,1
704,MONERAGALA,BIBILE BH,MO RADIOLOGY,1
705,MONERAGALA,BIBILE BH,MO SURGERY,1
706,MONERAGALA,BUDDAMA PMCU,MO,1
707,MONERAGALA,BUTHTHALA DH,MO,2
708,MONERAGALA,DAMBAGALLA DH,MO,1
709,MONERAGALA,HAMBEGAMUWA DH,MO,1
710,MONERAGALA,HANDAPANAGALA DH,MO,1
711,MONERAGALA,HINGURUKADUWA DH,MO,1
712,MONERAGALA,INGINIYAGALA DH,MO,1
713,MONERAGALA,KATHARAGAMA DH,MO,2
714,MONERAGALA,MADULLA MOH,ADDITIONAL MOH,1
715,MONERAGALA,MEDAGAMA DH,MO,1
716,MONERAGALA,MONERAGALA DGH,MO ANAESTHESIA,2
722,MONERAGALA,MONERAGALA DGH,MO BLOOD BANK,1
717,MONERAGALA,MONERAGALA DGH,MO CARDIOLOGY,1
718,MONERAGALA,MONERAGALA DGH,MO DIALYSIS,1
719,MONERAGALA,MONERAGALA DGH,MO ETU/PCU,2
720,MONERAGALA,MONERAGALA DGH,MO EYE,1
721,MONERAGALA,MONERAGALA DGH,MO ICU,1
723,MONERAGALA,MONERAGALA DGH,MO RADIOLOGY,1
724,MONERAGALA,MONERAGALA DGH,MO SCBU,2
725,MONERAGALA,MONERAGALA DGH,SHO GYN & OBS,1
726,MONERAGALA,MONERAGALA DGH,SHO MEDICINE,1
727,MONERAGALA,MONERAGALA DGH,SHO PAEDIATRICS,1
728,MONERAGALA,MONERAGALA DGH,SHO SURGERY,2
729,MONERAGALA,MONERAGALA MOH,ADDITIONAL MOH,1
730,MONERAGALA,MONERAGALA RDHS,MO RELIEF,1
731,MONERAGALA,OKKAMPITIYA DH,MO,1
732,MONERAGALA,PITAKUMBURA DH,MO,1
733,MONERAGALA,SIYAMBALANDUWA BH,MO GYN & OBS,1
734,MONERAGALA,SIYAMBALANDUWA BH,MO MEDICINE,1
735,MONERAGALA,SIYAMBALANDUWA BH,MO OPD/ETU,1
736,MONERAGALA,SIYAMBALANDUWA BH,MO PAEDIATRICS,1
737,MONERAGALA,SIYAMBALANDUWA BH,MO PSYCHIATRY,1
738,MONERAGALA,SIYAMBALANDUWA MOH,ADDITIONAL MOH,1
739,MONERAGALA,WELLAWAYA BH,MO,1
740,MONERAGALA,WELLAWAYA BH,MO MEDICINE,2
741,MONERAGALA,WELLAWAYA BH,MO OPD/ETU,2
742,MONERAGALA,WELLAWAYA BH,MO SURGERY,1
743,MULLAITIVU,KOKKULAI DH,MO,1
744,MULLAITIVU,MALLAVI BH,MO,3
745,MULLAITIVU,MALLAVI MOH,ADDITIONAL MOH,1
746,MULLAITIVU,MANKULAM BH,MO,3
747,MULLAITIVU,MOONKILARU DH,MO,1
748,MULLAITIVU,MULLAITIVU DGH,MO ANAESTHESIA/ICU,4
749,MULLAITIVU,MULLAITIVU DGH,MO BLOOD BANK,1
750,MULLAITIVU,MULLAITIVU DGH,MO CARDIOLOGY,1
751,MULLAITIVU,MULLAITIVU DGH,MO DERMATOLOGY,1
752,MULLAITIVU,MULLAITIVU DGH,MO DIALYSIS,1
753,MULLAITIVU,MULLAITIVU DGH,MO ETU,2
754,MULLAITIVU,MULLAITIVU DGH,MO EYE,1
755,MULLAITIVU,MULLAITIVU DGH,MO GYN & OBS,1
756,MULLAITIVU,MULLAITIVU DGH,MO MEDICINE,2
757,MULLAITIVU,MULLAITIVU DGH,MO MEDICO LEGAL,1
758,MULLAITIVU,MULLAITIVU DGH,MO OPD,3
759,MULLAITIVU,MULLAITIVU DGH,MO ORTHOPAEDIC,2
760,MULLAITIVU,MULLAITIVU DGH,MO PBU NICU,1
761,MULLAITIVU,MULLAITIVU DGH,MO PSYCHIATRY,1
762,MULLAITIVU,MULLAITIVU DGH,MO RADIOLOGY,1
763,MULLAITIVU,MULLAITIVU DGH,MO SCBU,1
764,MULLAITIVU,MULLAITIVU DGH,MO SURGERY,1
765,MULLAITIVU,MULLAITIVU MOH,ADDITIONAL MOH,1
766,MULLAITIVU,MULLAITIVU RDHS,MO RELIEF,2
767,MULLAITIVU,NANDANKANNDAL DH,MO,1
768,MULLAITIVU,PUTHUKKUDYIRUPPU BH,MO,1
769,MULLAITIVU,SAMPATHNUWARA DH,MO,2
770,MULLAITIVU,UNNAPULAVU (DH MULLAITIVU) DH,MO,1
771,NUWARA ELIYA,AMBAGAMUWA GINIGATHHENA MOH,ADDITIONAL MOH,1
772,NUWARA ELIYA,AMBEWELA PMCU,MO,1
773,NUWARA ELIYA,BOGAWANTHALAWA DH,MO,1
774,NUWARA ELIYA,BOGAWANTHALAWA MOH,ADDITIONAL MOH,1
775,NUWARA ELIYA,DICKOYA BH,MO ANAESTHESIA/ICU,1
776,NUWARA ELIYA,DICKOYA BH,MO BLOOD BANK,1
777,NUWARA ELIYA,DICKOYA BH,MO EYE,1
778,NUWARA ELIYA,DICKOYA BH,MO HISTOPATHOLOGY,1
779,NUWARA ELIYA,DICKOYA BH,SHO GYN & OBS,1
780,NUWARA ELIYA,DICKOYA BH,SHO MEDICINE,1
781,NUWARA ELIYA,DICKOYA BH,SHO PAEDIATRICS,2
782,NUWARA ELIYA,GINIGATHHENA DH,MO,1
783,NUWARA ELIYA,GONAPITIYA DH,MO,1
784,NUWARA ELIYA,HIGH FOREST DH,MO,1
785,NUWARA ELIYA,KANDAPOLA PMCU,MO,1
786,NUWARA ELIYA,KOTAGALA DH,MO,1
787,NUWARA ELIYA,KOTHMALE MOH,ADDITIONAL MOH,1
788,NUWARA ELIYA,LAXAPANA DH,MO,1
789,NUWARA ELIYA,LINDULA DH,MO,2
790,NUWARA ELIYA,MADULLA DH,MO,2
791,NUWARA ELIYA,MALDENIYA DH,MO,1
792,NUWARA ELIYA,MASKELIYA DH,MO,3
793,NUWARA ELIYA,MATURATA DH,MO,2
794,NUWARA ELIYA,MULOYA DH,MO,1
795,NUWARA ELIYA,NORTH MEDAKUMBURA DH,MO,2
796,NUWARA ELIYA,NUWARA ELIYA DGH,MO A&E,1
797,NUWARA ELIYA,NUWARA ELIYA DGH,MO ANAESTHESIA,2
798,NUWARA ELIYA,NUWARA ELIYA DGH,MO CARDIOLOGY,1
799,NUWARA ELIYA,NUWARA ELIYA DGH,MO CHEST MEDICINE,1
800,NUWARA ELIYA,NUWARA ELIYA DGH,MO DERMATOLOGY,1
801,NUWARA ELIYA,NUWARA ELIYA DGH,MO ENDOCRINOLOGY,1
802,NUWARA ELIYA,NUWARA ELIYA DGH,MO GASTROENTEROLOGY,1
803,NUWARA ELIYA,NUWARA ELIYA DGH,MO MEDICO LEGAL,1
804,NUWARA ELIYA,NUWARA ELIYA DGH,MO MICU,1
805,NUWARA ELIYA,NUWARA ELIYA DGH,MO OPD,1
806,NUWARA ELIYA,NUWARA ELIYA DGH,MO ORTHOPAEDIC,1
807,NUWARA ELIYA,NUWARA ELIYA DGH,MO PBU,2
808,NUWARA ELIYA,NUWARA ELIYA DGH,MO RADIOLOGY,2
809,NUWARA ELIYA,NUWARA ELIYA DGH,SHO MEDICINE,2
810,NUWARA ELIYA,NUWARA ELIYA DGH,SHO PAEDIATRICS,3
811,NUWARA ELIYA,NUWARA ELIYA RDHS,ADDITIONAL MO MCH,1
812,NUWARA ELIYA,NUWARA ELIYA RDHS,MO RELIEF,1
813,NUWARA ELIYA,RIKILLAGASKADA BH,MO ETU,1
814,NUWARA ELIYA,RIKILLAGASKADA BH,MO EYE,1
815,NUWARA ELIYA,RIKILLAGASKADA BH,MO GYN & OBS,1
816,NUWARA ELIYA,RIKILLAGASKADA BH,MO ICU,1
817,NUWARA ELIYA,RIKILLAGASKADA BH,MO MEDICINE,2
818,NUWARA ELIYA,RIKILLAGASKADA BH,MO PAEDIATRICS/PBU,1
819,NUWARA ELIYA,THERIPAHA DH,MO,1
820,NUWARA ELIYA,UDUPUSSELLEWA DH,MO,1
821,POLONNARUWA,ARALAGANWILA DH,MO,1
822,POLONNARUWA,ARALAGANWILA MOH,ADDITIONAL MOH,1
823,POLONNARUWA,ATHTHANAKADAWALA DH,MO,1
824,POLONNARUWA,BAKAMUNA DH,MO,3
825,POLONNARUWA,DIMBULAGALA MANAMPITIYA DH,MO,1
826,POLONNARUWA,DIYABEDUMA DH,MO,1
827,POLONNARUWA,JAYANTHIPURA DH,MO,1
828,POLONNARUWA,MEDIRIGIRIYA BH,MO ANAESTHESIA/ICU,1
829,POLONNARUWA,MEDIRIGIRIYA BH,MO ETU,1
830,POLONNARUWA,MEDIRIGIRIYA BH,MO GYN & OBS,1
831,POLONNARUWA,MEDIRIGIRIYA BH,MO MEDICO LEGAL,1
832,POLONNARUWA,MEDIRIGIRIYA BH,MO OPD,1
833,POLONNARUWA,MEDIRIGIRIYA BH,MO PAEDIATRICS,1
834,POLONNARUWA,MEEGASWEWA PMCU,MO,1
835,POLONNARUWA,POLONNARUWA DGH,MO A&E,1
836,POLONNARUWA,POLONNARUWA DGH,MO ANAESTHESIA,1
837,POLONNARUWA,POLONNARUWA DGH,MO CARDIOLOGY,1
838,POLONNARUWA,POLONNARUWA DGH,MO ENT,1
839,POLONNARUWA,POLONNARUWA DGH,MO EYE,1
840,POLONNARUWA,POLONNARUWA DGH,MO GASTROENTEROLOGY,1
841,POLONNARUWA,POLONNARUWA DGH,MO GU SURGERY,2
842,POLONNARUWA,POLONNARUWA DGH,MO HISTOPATHOLOGY,1
843,POLONNARUWA,POLONNARUWA DGH,MO MEDICO LEGAL,1
844,POLONNARUWA,POLONNARUWA DGH,MO MICROBIOLOGY,1
845,POLONNARUWA,POLONNARUWA DGH,MO MICU,4
846,POLONNARUWA,POLONNARUWA DGH,MO NEUROLOGY,2
847,POLONNARUWA,POLONNARUWA DGH,MO ONCOLOGY,1
848,POLONNARUWA,POLONNARUWA DGH,MO OPD,4
849,POLONNARUWA,POLONNARUWA DGH,MO ORTHOPAEDIC,2
850,POLONNARUWA,POLONNARUWA DGH,MO RADIOLOGY,1
851,POLONNARUWA,POLONNARUWA DGH,MO SCBU,2
852,POLONNARUWA,POLONNARUWA DGH,SHO GYN & OBS,1
853,POLONNARUWA,POLONNARUWA DGH,SHO MEDICINE,1
854,POLONNARUWA,POLONNARUWA DGH,SHO PAEDIATRICS,3
855,POLONNARUWA,POLONNARUWA DGH,SHO SURGERY,1
856,POLONNARUWA,POLONNARUWA RDHS,MO RELIEF,2
857,POLONNARUWA,POLONNARUWA RENAL HOSPITAL,MO ANAESTHESIA/ICU,1
858,POLONNARUWA,POLONNARUWA RENAL HOSPITAL,MO BLOOD BANK,2
859,POLONNARUWA,POLONNARUWA RENAL HOSPITAL,MO DIALYSIS,2
860,POLONNARUWA,POLONNARUWA RENAL HOSPITAL,MO NEPHROLOGY,2
861,POLONNARUWA,POLONNARUWA RENAL HOSPITAL,MO NEPHROLOGY & DIALYSIS,1
862,POLONNARUWA,POLONNARUWA RENAL HOSPITAL,MO VASCULAR & TRANSPLANT,2
863,POLONNARUWA,SINGHAPURA PMCU,MO,1
864,POLONNARUWA,SIRIPURA MOH,ADDITIONAL MOH,1
865,POLONNARUWA,WEHERAGALA PMCU,MO,1
866,POLONNARUWA,WELIKANDA BH,MO,2
867,POLONNARUWA,WELIKANDA BH,MO PSYCHIATRY,1
868,POLONNARUWA,WELIKANDA MOH,ADDITIONAL MOH,1
869,POLONNARUWA,WIJEPURA PMCU,MO,1
870,PUTTALAM,ANAMADUWA BH,MO,1
871,PUTTALAM,CHILAW DGH,MO ANAESTHESIA/ICU,2
872,PUTTALAM,CHILAW DGH,MO GU SURGERY,1
873,PUTTALAM,CHILAW DGH,MO MEDICO LEGAL,1
874,PUTTALAM,CHILAW DGH,MO NEPHROLOGY,1
875,PUTTALAM,CHILAW DGH,MO NEUROLOGY,1
876,PUTTALAM,CHILAW DGH,MO OPD,1
877,PUTTALAM,CHILAW DGH,MO ORTHOPAEDIC,1
878,PUTTALAM,CHILAW DGH,MO RADIOLOGY,1
879,PUTTALAM,CHILAW DGH,SHO GYN & OBS,1
880,PUTTALAM,CHILAW DGH,SHO PAEDIATRICS,2
881,PUTTALAM,KALPITIYA BH,MO,2
882,PUTTALAM,KANDAKUDA PMCU,MO,1
883,PUTTALAM,KOTTANTIVU DH,MO,1
884,PUTTALAM,LUNUWILA DH,MO MENTAL HEALTH,1
885,PUTTALAM,MAHAKUMBUKKADAWALA DH,MO,1
886,PUTTALAM,MAMPOORI PMCU,MO,1
887,PUTTALAM,MARAWILA BH,MO PBU,1
888,PUTTALAM,MARAWILA BH,MO RADIOLOGY,1
889,PUTTALAM,MARAWILA BH,SHO PAEDIATRICS,1
890,PUTTALAM,MUNDALAMA DH,MO,1
891,PUTTALAM,NAWAGATHTHEGAMA DH,MO,1
892,PUTTALAM,PALLAMA MOH,ADDITIONAL MOH,1
893,PUTTALAM,PUTTALAM ALUTHGAMA DH,MO,1
894,PUTTALAM,PUTTALAM BH,MO ANAESTHESIA,3
895,PUTTALAM,PUTTALAM BH,MO CARDIOLOGY,1
896,PUTTALAM,PUTTALAM BH,MO PBU,2
897,PUTTALAM,PUTTALAM BH,MO PCU,2
898,PUTTALAM,PUTTALAM BH,MO PSYCHIATRY,1
899,PUTTALAM,PUTTALAM BH,SHO PAEDIATRICS,2
900,PUTTALAM,PUTTALAM RDHS,MO RELIEF,1
901,RATHNAPURA,ALUPOLA DH,MO,2
902,RATHNAPURA,BALANGODA BH,MO ETU,1
903,RATHNAPURA,BALANGODA BH,MO OPD,1
904,RATHNAPURA,BALANGODA BH,MO RADIOLOGY,1
905,RATHNAPURA,BALANGODA BH,SHO GYN & OBS,2
906,RATHNAPURA,BALANGODA BH,SHO MEDICINE,2
907,RATHNAPURA,BALANGODA BH,SHO PAEDIATRICS,1
908,RATHNAPURA,BALANGODA BH,SHO SURGERY,1
909,RATHNAPURA,BALAWINNA PMCU,MO,1
910,RATHNAPURA,BELIHULOYA DH,MO,1
911,RATHNAPURA,BUTHKANDA PMCU,MO,1
912,RATHNAPURA,EGODAWALEBODA PMCU,MO,1
913,RATHNAPURA,EHELIYAGODA BH,MO BLOOD BANK,1
914,RATHNAPURA,EHELIYAGODA BH,MO OPD/ETU,2
916,RATHNAPURA,EHELIYAGODA BH,MO PAEDIATRICS,1
915,RATHNAPURA,EHELIYAGODA BH,MO RADIOLOGY,1
917,RATHNAPURA,EMBILIPITIYA DGH,MO A&E,3
918,RATHNAPURA,EMBILIPITIYA DGH,MO ANAESTHESIA,1
919,RATHNAPURA,EMBILIPITIYA DGH,MO CCU,2
920,RATHNAPURA,EMBILIPITIYA DGH,MO ICU,1
921,RATHNAPURA,EMBILIPITIYA DGH,MO ORTHOPAEDIC,1
922,RATHNAPURA,EMBILIPITIYA DGH,SHO GYN & OBS,1
923,RATHNAPURA,EMBILIPITIYA DGH,SHO MEDICINE,1
924,RATHNAPURA,EMBILIPITIYA DGH,SHO PAEDIATRICS,1
925,RATHNAPURA,GALLELLA DH,MO,1
926,RATHNAPURA,GILIMALE DH,MO,1
927,RATHNAPURA,HUNUWALA DH,MO,1
928,RATHNAPURA,IMBULPE PMCU,MO,1
929,RATHNAPURA,KAHAWATTA BH,MO ETU,1
930,RATHNAPURA,KAHAWATTA BH,MO MEDICINE,1
931,RATHNAPURA,KAHAWATTA BH,MO MEDICO LEGAL,1
932,RATHNAPURA,KAHAWATTA BH,MO PATHOLOGY,1
933,RATHNAPURA,KAHAWATTA BH,MO RADIOLOGY,1
934,RATHNAPURA,KAHAWATTA BH,SHO GYN & OBS,2
935,RATHNAPURA,KAHENGAMA WEST / SAINT JOCHIM ESTATE PMCU,MO,1
936,RATHNAPURA,KALAWANA BH,MO,1
937,RATHNAPURA,KALAWANA BH,MO MEDICINE,1
938,RATHNAPURA,KOLAMBAGEARA PMCU,MO,1
939,RATHNAPURA,KOLONNA BH,MO,1
940,RATHNAPURA,KUMBURUGAMBUWA PMCU,MO,1
941,RATHNAPURA,MADABADDARA PMCU,MO,1
942,RATHNAPURA,MARATHENNA DH,MO,2
943,RATHNAPURA,NAPAWALA PMCU,MO,1
944,RATHNAPURA,NIVITIGALA DH,MO,1
945,RATHNAPURA,OMALPE DH,MO,1
946,RATHNAPURA,PELMADULLA DH,MO,1
947,RATHNAPURA,POTHUPITIYA DH,MO,1
948,RATHNAPURA,RAKWANA DH,MO,1
949,RATHNAPURA,RANWALA DH,MO,2
950,RATHNAPURA,RATHNAPURA TEACHING HOSPITAL,MO ANAESTHESIA/ICU,1
951,RATHNAPURA,RATHNAPURA TEACHING HOSPITAL,MO BLOOD BANK,1
952,RATHNAPURA,RATHNAPURA TEACHING HOSPITAL,MO CCU,1
953,RATHNAPURA,RATHNAPURA TEACHING HOSPITAL,MO ENT,1
954,RATHNAPURA,RATHNAPURA TEACHING HOSPITAL,MO ETU,1
955,RATHNAPURA,RATHNAPURA TEACHING HOSPITAL,MO EYE,1
956,RATHNAPURA,RATHNAPURA TEACHING HOSPITAL,MO GASTROENTEROLOGY,1
957,RATHNAPURA,RATHNAPURA TEACHING HOSPITAL,MO NEPHROLOGY,1
958,RATHNAPURA,RATHNAPURA TEACHING HOSPITAL,MO NEURO SURGERY,1
964,RATHNAPURA,RATHNAPURA TEACHING HOSPITAL,MO NEUROLOGY,1
959,RATHNAPURA,RATHNAPURA TEACHING HOSPITAL,MO ONCO SURGERY,1
960,RATHNAPURA,RATHNAPURA TEACHING HOSPITAL,MO ONCOLOGY,1
961,RATHNAPURA,RATHNAPURA TEACHING HOSPITAL,MO ORTHOPAEDIC,1
962,RATHNAPURA,RATHNAPURA TEACHING HOSPITAL,MO PAEDIATRIC PULMONOLOGY,1
963,RATHNAPURA,RATHNAPURA TEACHING HOSPITAL,MO PBU,1
965,RATHNAPURA,RATHNAPURA TEACHING HOSPITAL,MO PLASTIC SURGERY,1
966,RATHNAPURA,RATHNAPURA TEACHING HOSPITAL,MO RADIOLOGY,1
967,RATHNAPURA,RATHNAPURA TEACHING HOSPITAL,MO VASCULAR & TRANSPLANT,1
968,RATHNAPURA,RATHNAPURA TEACHING HOSPITAL,SHO GYN & OBS,1
969,RATHNAPURA,RATHNAPURA TEACHING HOSPITAL,SHO MEDICINE,1
970,RATHNAPURA,RATHNAPURA TEACHING HOSPITAL,SHO SURGERY,1
971,RATHNAPURA,SOORIYAKANDA DH,MO,1
972,RATHNAPURA,WELIGEPOLA DH,MO,1
973,RATHNAPURA,WELKENIYAYA PMCU,MO,1
974,TRINCOMALEE,EACHCHILAMPATHTHU DH,MO,1
975,TRINCOMALEE,EASTERN PROVINCE PDHS,MO,1
976,TRINCOMALEE,GOMARANKADAWELA DH,MO,1
977,TRINCOMALEE,KANTALE BH,MO ANAESTHESIA,1
978,TRINCOMALEE,KANTALE BH,MO BLOOD BANK,2
979,TRINCOMALEE,KANTALE BH,MO DIALYSIS,1
980,TRINCOMALEE,KANTALE BH,MO ETU,3
981,TRINCOMALEE,KANTALE BH,MO EYE,1
982,TRINCOMALEE,KANTALE BH,MO GYN & OBS,1
983,TRINCOMALEE,KANTALE BH,MO MEDICINE,1
984,TRINCOMALEE,KANTALE BH,MO MEDICO LEGAL,1
985,TRINCOMALEE,KANTALE BH,MO PAEDIATRICS,1
986,TRINCOMALEE,KANTALE BH,MO PSYCHIATRY,1
987,TRINCOMALEE,KANTALE BH,MO SURGERY,1
988,TRINCOMALEE,KILIVETTY DH,MO,2
989,TRINCOMALEE,KINNIYA BH,MO ANAESTHESIA,2
990,TRINCOMALEE,KINNIYA BH,MO ETU,1
991,TRINCOMALEE,KINNIYA BH,MO GYN & OBS,1
992,TRINCOMALEE,KINNIYA BH,MO PAEDIATRICS,1
993,TRINCOMALEE,KINNIYA BH,MO SURGERY,1
994,TRINCOMALEE,KUCHCHAVELI DH,MO,1
995,TRINCOMALEE,MORAWEWA PMCU,MO,1
996,TRINCOMALEE,MULLIPOTHANAI PMCU,MO,1
997,TRINCOMALEE,MUTHUR BH,MO,1
998,TRINCOMALEE,MUTHUR BH,MO ANAESTHESIA,2
999,TRINCOMALEE,MUTHUR BH,MO BLOOD BANK,1
1000,TRINCOMALEE,MUTHUR BH,MO ETU,1
1001,TRINCOMALEE,MUTHUR BH,MO GYN & OBS,1
1002,TRINCOMALEE,MUTHUR BH,MO MEDICO LEGAL,1
1003,TRINCOMALEE,MUTHUR BH,MO PAEDIATRICS,2
1004,TRINCOMALEE,MUTHUR BH,MO SURGERY,2
1005,TRINCOMALEE,NILAVELI DH,MO,2
1006,TRINCOMALEE,PADAVISRIPURA MOH,ADDITIONAL MOH,1
1007,TRINCOMALEE,PATTALIPURAM PMCU,MO,1
1008,TRINCOMALEE,PULMODAI BH,MO,1
1009,TRINCOMALEE,SAMPOOR DH,MO,1
1010,TRINCOMALEE,SERUNUWARA DH,MO,1
1011,TRINCOMALEE,SERUWILA MOH,ADDITIONAL MOH,1
1012,TRINCOMALEE,THAMPALAGAMAM DH,MO,1
1013,TRINCOMALEE,THIRIYAI PMCU,MO,1
1014,TRINCOMALEE,TRINCOMALEE DGH,MO A&E,1
1015,TRINCOMALEE,TRINCOMALEE DGH,MO ANAESTHESIA/ICU,9
1016,TRINCOMALEE,TRINCOMALEE DGH,MO BLOOD BANK,1
1017,TRINCOMALEE,TRINCOMALEE DGH,MO ETU,2
1018,TRINCOMALEE,TRINCOMALEE DGH,MO MEDICO LEGAL,2
1019,TRINCOMALEE,TRINCOMALEE DGH,MO ORTHOPAEDIC,1
1020,TRINCOMALEE,TRINCOMALEE DGH,MO PBU,2
1021,TRINCOMALEE,TRINCOMALEE DGH,SHO GYN & OBS,3
1022,TRINCOMALEE,TRINCOMALEE DGH,SHO MEDICINE,2
1023,TRINCOMALEE,TRINCOMALEE DGH,SHO PAEDIATRICS,3
1024,TRINCOMALEE,TRINCOMALEE RDHS,MO RELIEF,1
1025,TRINCOMALEE,WAN ELA DH,MO,1
1026,VAVUNIYA,CHEDDIKULAM BH,MO,4
1027,VAVUNIYA,CHEDDIKULAM MOH,ADDITIONAL MOH,1
1028,VAVUNIYA,MAMADUWA DH,MO,1
1029,VAVUNIYA,NEDUNKERNY DH,MO,1
1030,VAVUNIYA,NERIYAKULAM DH,MO,1
1031,VAVUNIYA,POOVARASANKULAM DH,MO,2
1032,VAVUNIYA,PULIYANKULAM DH,MO,1
1033,VAVUNIYA,SITHAMPARAPURAM DH,MO,1
1034,VAVUNIYA,VAVUNIYA DGH,MO,1
1035,VAVUNIYA,VAVUNIYA DGH,MO ANAESTHESIA/ICU,2
1036,VAVUNIYA,VAVUNIYA DGH,MO BLOOD BANK,2
1037,VAVUNIYA,VAVUNIYA DGH,MO CARDIOLOGY,1
1038,VAVUNIYA,VAVUNIYA DGH,MO ETU,1
1039,VAVUNIYA,VAVUNIYA DGH,MO EYE,1
1040,VAVUNIYA,VAVUNIYA DGH,MO HAEMATOLOGY,1
1041,VAVUNIYA,VAVUNIYA DGH,MO MEDICO LEGAL,1
1042,VAVUNIYA,VAVUNIYA DGH,MO NEPHROLOGY,3
1043,VAVUNIYA,VAVUNIYA DGH,MO NEUROLOGY,1
1044,VAVUNIYA,VAVUNIYA DGH,MO ONCOLOGY,1
1045,VAVUNIYA,VAVUNIYA DGH,MO OPD,1
1046,VAVUNIYA,VAVUNIYA DGH,MO PBU,2
1047,VAVUNIYA,VAVUNIYA DGH,SHO GYN & OBS,3
1048,VAVUNIYA,VAVUNIYA DGH,SHO MEDICINE,2
1049,VAVUNIYA,VAVUNIYA DGH,SHO PAEDIATRICS,2
1050,VAVUNIYA,VAVUNIYA DGH,SHO SURGERY,1
1051,VAVUNIYA,VAVUNIYA RDHS,MO RELIEF,2
,,,TOTAL,1424